{
    "municipioid": 18057,
    "nombre_pueblo": "Cúllar Vega",
    "poblacion": 7809,
    "gentilicio_de_personas": "cullero, -ra",
    "codigo_postal": 18195,
    "alcalde": "Jorge Sánchez Cabrera",
    "patrón": "San Miguel",
    "imagen_de_bandera": "https://upload.wikimedia.org/wikipedia/commons/thumb/b/b8/Bandera_de_C%C3%BAllar_Vega_%28Granada%29.svg/1024px-Bandera_de_C%C3%BAllar_Vega_%28Granada%29.svg.png",
    "imagen_de_escudo": "https://upload.wikimedia.org/wikipedia/commons/thumb/1/1d/Escudo_de_C%C3%BAllar_Vega_%28Granada%29.svg/686px-Escudo_de_C%C3%BAllar_Vega_%28Granada%29.svg.png"
}